body,title
"



















La multinacional General Motors anunci√≥ este martes la inversi√≥n de US$50 millones de d√≥lares para la modernizaci√≥n de su planta de producci√≥n de veh√≠culos livianos en Colombia, que prev√© desarrollar en promedio 35.000 unidades por a√±o del Chevrolet JOY. 
En un evento que cont√≥ con la presencia del presidente de la Rep√∫blica, Iv√°n Duque M√°rquez, General Motors advirti√≥ que el JOY ser√° producido en la planta de Colmotores, por lo que as√≠ se ratifica la confianza para seguir apostando por el mercado colombiano. 


‚ÄúEste proyecto demuestra el compromiso de GM con Colombia por 66 a√±os. Esperamos con este proyecto seguir contribuyendo a la reactivaci√≥n del pa√≠s, a la generaci√≥n de empleo calificado y bien remunerado‚Äù, dijo Santiago Chamorro, presidente de General Motors Suram√©rica.
La inversi√≥n ser√° para la actualizaci√≥n y modificaci√≥n de la planta de producci√≥n, el desarrollo de nuevas autopartes en un trabajo conjunto con los proveedores locales, la compra local de algunos servicios como los son obras civiles, obras mec√°nicas y manejo de materiales, entre otros. Esto se realizar√° en el transcurso de 2022.
‚ÄúHoy estamos viendo a una f√°brica que despu√©s de 66 a√±os se siente rejuvenecida por estas nuevas inversiones y estas ser√°n las nuevas inversiones que llegar√°n con una mejor oferta al mercado de los colombianos‚Äù, a√±adi√≥ el presidente Duque. ‚ÄúDos a√±os despu√©s y con la elocuencia de los hechos podemos decir que esta f√°brica ha hecho una nueva apuesta para traer cerca de 300 trabajadores m√°s y esa es la Colombia resiliente que se levanta con fuerza‚Äù. 
Con m√°s de 1.500.000 veh√≠culos ensamblados, General Motors sigue invirtiendo en la industria automotriz colombiana. Para este a√±o, la apuesta se ha enfocado en duplicar la producci√≥n de camiones para llegar a m√°s de 12.000 unidades, lo que no solo se convierte en un r√©cord de producci√≥n en este segmento, sino que le ha permitido estar a la cabeza en el √∫ltimo mes de marzo con 576 unidades.

Celebramos el anuncio de @GM, a trav√©s de @ChevroletCo, de invertir USD50 millones para modernizaci√≥n de su planta de producci√≥n de veh√≠culos livianos en Colombia, que se comercializar√°n en el mercado local e internacional, fomentando, adem√°s, la generaci√≥n de nuevos empleos. pic.twitter.com/9RvRNDrzqL‚Äî Iv√°n Duque üá®üá¥ (@IvanDuque) April 19, 2022
























Art√≠culos Relacionados:











",
"



















El Grupo Gilinski, a trav√©s de su empresa Nugil, anunci√≥ la extensi√≥n de la Oferta P√∫blica de Adquisici√≥n (OPA) para que puedan adquirir m√°s acciones del Nutresa, uno de los holdings de alimentos m√°s importantes de Latinoam√©rica. 
De acuerdo con el cronograma inicial, la OPA estaba planteada entre el 6 y el 25 de abril. No obstante, se tiene derecho a que la fecha sea modificada, por lo que el Grupo Gilinski anunci√≥ que ese plazo de aceptaciones ir√≠a hasta el 16 de mayo. 
Lea tambi√©n: Millonarios Forbes 2022 | Los Gilinski: la historia de c√≥mo hicieron su fortuna
Al cierre de la jornada del lunes 18 de abril, la Bolsa de Valores de Colombia (BVC) confirm√≥ que se han recibido 122 aceptaciones, que representan 311.105 acciones en circulaci√≥n. Es decir, el 0,07% de los t√≠tulos que podr√≠a adquirir la familia Gilinski. 
El Grupo Gilinski, que actualmente es el due√±o del 30,8% de Nutresa, busca hacerse a una mayor participaci√≥n de la empresa con una oferta que asciende a los US$12,58 por cada una de las especies. 
Es de resaltar que en este momento tambi√©n se adelanta la tercera OPA de Sura, que se prev√© se prolongue hasta 25 de abril. 
Convierta a Forbes Colombia en su fuente de informaci√≥n de negocios.























Art√≠culos Relacionados:Acci√≥n de NutresaGrupo NutresaNutresaOPA de Nutresa











",
"



















Con una representaci√≥n de m√°s del 81% de las acciones de Grupo Argos, este martes se llevo a cabo una reuni√≥n extraordinaria de accionistas para deliberar y decidir sobre las OPAs por las acciones de Grupo Sura y Grupo Nutresa. 
Una de las conclusiones del encuentro es que se autoriz√≥ a Ana Cristina Arango y Claudia Betancourt a participar en las deliberaciones y decisiones sobre las Ofertas P√∫blicas de Adquisici√≥n por los t√≠tulos de las dos empresas. Asimismo, se confirm√≥ que Gonzalo Alberto P√©rez, presidente de Grupo Sura y Carlos Ignacio Gallego, presidente de Grupo Nutresa, no participar√°n en su calidad de miembros de la Junta Directiva de Grupo Argos en la decisi√≥n. 
‚ÄúLa Junta Directiva de Grupo Argos adelantar√° un an√°lisis integral de las ofertas, considerando, entre otros, los estudios realizados por un grupo de asesores nacionales e internacionales sobre los aspectos econ√≥micos, legales y de alineaci√≥n estrat√©gica de las mismas‚Äù, advirtieron en un comunicado. 
Lea tambi√©n: Millonarios Forbes 2022 | Los Gilinski: la historia de c√≥mo hicieron su fortuna
Al encuentro tambi√©n asisti√≥ el banquero Jaime Gilinski, mayor accionista individual de Nutresa y Grupo Sura. En medio de esta asamblea, el empresario intervino y le solicit√≥ a la junta de la empresa que consideren la propuesta que est√° sobre la mesa, pues son recursos que podr√≠an traer ‚Äúinnegables beneficios‚Äù. 
‚ÄúRespetuosamente solicito a los miembros de la junta que, en cumplimiento fiel a sus deberes fiduciarios, adelanten el an√°lisis objetivo de los beneficios innegables que traer√≠a para Grupo Argos el recibir cerca de $2,1 billones como resultado de vender el total de la participaci√≥n que tienen en Grupo Nutresa‚Äù, dijo Gilinski. 
El banquero asegur√≥ que con estos fondos el Grupo Argos se fortalecer√≠a y dar√≠a un mensaje positivo al mercado sobre su estrategia y sus negocios principales. ‚ÄúDesde noviembre, la acci√≥n de Nutresa en 21.000 y ahora ha subido 112%‚Äù, recalc√≥, ‚Äúpara el Grupo Argos significa una entrada de $2,1 billones, eso representa un multiplico de 32 veces las utilidades que correspondieron de la participaci√≥n de Nutresa y 53 veces los dividendos recibidos este a√±o‚Äù. 
Gilinski record√≥ que la junta directiva del Grupo Argos no puede actuar en grupo, pues hay oferta hay que mirarla √∫nicamente en beneficio de los accionistas, incluyendo a los minoritarios y los fondos de pensiones. 
‚ÄúLos papeles de deuda p√∫blica colombiana se est√°n aproximando a un rendimiento del 10%. Esta cifra es un m√∫ltiplo de m√°s de cinco veces la tasa de rendimiento del dividendo de Nutresa al Grupo Argos‚Äù, sostuvo Gilinski. 
























Art√≠culos Relacionados:GilinskiGrupo GilinskiJaime GilinskiSuraSuram√©rica











",
"



















El sector financiero ha sido un aliado clave para llevar a cabo los cierres financieros y la ejecuci√≥n de los proyectos de infraestructura en todas las zonas del pa√≠s. Incluso, se podr√≠a decir que su rol ha ganado importancia en medio de la evoluci√≥n que han tenido las obras que se han desarrollado en los √∫ltimos a√±os, impulsando las v√≠as 4G y abriendo la puerta para las 5G.
‚ÄúCreo que la evoluci√≥n que han tenido las obras de infraestructura en Colombia es muy positiva. Ya vamos en la quinta generaci√≥n, en la que ya tenemos un sistema de concesiones maduro y un sistema de APP en el que pueden participar los privados y que nos permite seguir desarrollando infraestructura‚Äù, dijo a Forbes el presidente de Bancolombia, Juan Carlos Mora.
Lea tambi√©n: Millonarios Forbes 2022 | Los Gilinski: la historia de c√≥mo hicieron su fortuna
De hecho, hay que recordar que la Fiduciaria Bancolombia ser√° la encargada de administrar los recursos para la Malla Vial del Valle, reconocida como la primera APP vial 5G del pa√≠s. El proyecto, que tendr√° una extensi√≥n de 310 kil√≥metros, contar√° con una inversi√≥n estimada de $3 billones y durar√° alrededor de 29 a√±os. Su prop√≥sito apunta a mejorar la conectividad de Buenaventura con el sur del pa√≠s, beneficiando a 3,3 millones de personas que viven en Guachen√©, Candelaria, Yumbo, Palmira, Florida, Jamund√≠, Caloto, Cali, y Santander de Quilichao, municipios repartidos entre Cauca y Valle del Cauca.
Para llevar a cabo este tipo de proyectos, las entidades financieras ofrecen diferentes productos para la financiaci√≥n de las pymes del sector de infraestructura. Entre ellos, el presidente de Asobancaria, Hernando Jos√© G√≥mez, destac√≥ las l√≠neas de cartera comercial con financiaci√≥n estructurada a trav√©s de operaciones especificas por proyecto. Esto con el fin de que esos recursos lo apalanquen y que los ingresos percibidos se destinen para el cubrimiento de la obligaci√≥n.
Otras herramientas √∫tiles para este sector, seg√∫n G√≥mez, apuntan a productos especializados para la contrataci√≥n en la construcci√≥n, operaci√≥n y mantenimiento de los proyectos, tales como cartas de compromisos futuros y garant√≠as bancarias, entre otros.
El rol de las APP
Como modelo de contrataci√≥n, los proyectos de APP tambi√©n permiten asegurar una ejecuci√≥n efectiva de estas obras, garantizando la construcci√≥n de carreteras, as√≠ como su mantenimiento y operaci√≥n a lo largo de un periodo de tiempo definido.
Adem√°s, de acuerdo con las pr√°cticas internacionales, se estandarizaron los contratos para las concesiones de 4G con una minuta aplicable a todos los proyectos. De esa manera, los contratos tienen las mismas obligaciones, responsabilidades y riesgos asignados tanto para el Estado como para el sector privado, y as√≠ facilitan la gesti√≥n contractual de los mismos, seg√∫n destac√≥ el Ministerio de Transporte.
‚ÄúCreo que la evoluci√≥n que han tenido las obras de infraestructura en Colombia es muy positiva. Ya vamos en la quinta generaci√≥n, donde ya tenemos un sistema de concesiones maduro y un sistema de APP en el que pueden participar los privados y que nos permite seguir desarrollando infraestructura‚Äù.Juan carlos mora, presidente de bancolombia.
Un ejemplo de esto es el Conpes 4028 que define los lineamientos de pol√≠tica de riesgo contractual para los proyectos que se desarrollen bajo esquemas que involucren participaci√≥n privada y que tengan como objeto la provisi√≥n de infraestructura, la prestaci√≥n de servicios de transporte fluvial y los canales navegables del pa√≠s.
Adicionalmente, fueron estructurados bajo el esquema de ‚ÄúProject Finance‚Äù, seg√∫n el cual deben contar con una relaci√≥n de 70-30 para su construcci√≥n, entre financiaci√≥n y aportes de capital de los accionistas del concesionario. En ese sentido, los concesionarios deben obtener financiaci√≥n con el sistema financiero local o internacional para garantizar los recursos necesarios para la ejecuci√≥n de las obras.
Lea tambi√©n: As√≠ es Fran√ßoise Bettencourt, la mujer m√°s rica del mundo
Una vez los concesionarios culminen los trabajos, tendr√°n derecho a la retribuci√≥n para el pago de servicio de la deuda y cubrir los costos asumidos durante la construcci√≥n de los proyectos. Para esto, se cuenta con la reglamentaci√≥n que da derecho a la retribuci√≥n por unidades funcionales.
Este esquema ha garantizado la entrada efectiva de m√°s de US$13.000 millones para la ejecuci√≥n de los proyectos. A su vez, el Ministerio explic√≥ a Forbes que en las financiaciones han participado varios prestamistas internacionales de gran trayectoria y experiencia en su ejecuci√≥n, ‚Äúlo que convierte al sector privado en un socio fundamental del Estado para la eficiente ejecuci√≥n de estas obras‚Äù.
¬øQu√© otras obras se podr√≠an hacer? 
Los planes de desarrollo en el sector de infraestructura han sido programas priorizados por el Gobierno Nacional, que se han consolidado a largo plazo mediante los documentos Conpes, que fijan cada una de las concesiones carreteras y en donde se establece una pol√≠tica de largo plazo que ha sido cumplida por cada uno de los gobiernos precedentes al de Iv√°n Duque.
A trav√©s del Conpes 3760 se estructuraron los proyectos de la Cuarta Generaci√≥n de concesiones, siguiendo la hoja de ruta del Plan Maestro de Transporte Intermodal (PMTI) 2015-2035, as√≠ como los proyectos de las Concesiones de Quinta Generaci√≥n (5G), programa que naci√≥ en 2021 a trav√©s de la Agencia Nacional de Infraestructura (ANI) para fortalecer la infraestructura de transporte concesionada a trav√©s de la consolidaci√≥n de proyectos fluviales, aeroportuarios, f√©rreos y carreteros.
De hecho, en noviembre de 2021 se aprob√≥ el Conpes de infraestructura sostenible para el desarrollo de las Concesiones del Bicentenario, donde se establecen los lineamientos de pol√≠tica p√∫blica para el desarrollo de la Quinta Generaci√≥n de Concesiones.
Foto: Ministerio de Transporte.
Los lineamientos del Conpes para la estructuraci√≥n y ejecuci√≥n de proyectos contribuyen a la apuesta del Gobierno para desarrollar la infraestructura de transporte concesionado, lo que busca entregar resultados positivos a trav√©s del paquete de proyectos intermodales, que en su primera ola tiene contempladas 14 iniciativas con una inversi√≥n de $21,8 billones, seg√∫n cifras estimadas en Capex a diciembre de 2021, y la generaci√≥n de m√°s de 600.000 empleos directos, indirectos e inducidos. Esto ayud√≥ a la adjudicaci√≥n de proyectos como la Malla Vial del Valle del Cauca, IP Alo Sur y Accesos Norte 2.
Adem√°s, se encuentran con prepliegos publicados o en proceso de licitaci√≥n los proyectos APP del R√≠o Magdalena, Canal del Dique, Buga ‚Äì Buenaventura, y Troncal del Magdalena 1 y 2, los cuales estar√°n adjudicados antes de agosto de 2022, y a los cuales este Gobierno les ha dejado aseguradas las vigencias futuras.
Del mismo modo, el Ministerio espera que en el transcurso de 2022 inicien los procesos de selecci√≥n de los proyectos APP: IP Aeropuertos de Suroccidente, IP Aeropuerto de San Andr√©s, IP Aeropuerto de Cartagena, IP Nuevo Aeropuerto de Cartagena, Corredor F√©rreo Dorada Chiriguan√°, y la IP Santuario Ca√±oalegre.
Lea tambi√©n: C√≥mo sigue la batalla de los 43.000 millones de d√≥lares y los 90 millones de usuarios de Twitter
Impulso al desarrollo de los territorios 
Para la presidenta de la Financiera de Desarrollo Territorial (Findeter), Sandra G√≥mez, la banca de desarrollo de los territorios debe tener la capacidad de promover y apoyar la ejecuci√≥n de proyectos de infraestructura que impulse el desarrollo de las regiones a trav√©s de su planificaci√≥n, estructuraci√≥n, financiaci√≥n y ejecuci√≥n.
‚ÄúNuestro acompa√±amiento da respuesta a las grandes dificultades que afrontan las iniciativas de este tipo en el pa√≠s, como por ejemplo una baja capacidad en la estructuraci√≥n pertinente de los proyectos. Por esta raz√≥n acompa√±amos a los entes territoriales en la estructuraci√≥n t√©cnica, legal, financiera y social de sus proyectos para que sean banqueables, es decir, objeto de financiaci√≥n‚Äù, coment√≥.
De esta manera, desde agosto de 2018 hasta febrero de 2022, Findeter ha estructurado 24 proyectos por m√°s de $90.500 millones en 45 municipios de 20 departamentos.
La ejecutiva tambi√©n destac√≥ que, ante la necesidad de recursos en los sectores p√∫blico y privado a la hora de sacar adelante obras que generen desarrollo, la entidad se enfoca en ofrecer financiaci√≥n competitiva para proyectos de infraestructura en 12 sectores como educaci√≥n, salud, desarrollo urbano, agua potable y saneamiento b√°sico, desarrollo energ√©tico y v√≠as.
Al respecto, se√±al√≥ que Findeter ha desembolsado m√°s de $11,27 billones para m√°s de 1.900 proyectos en 247 municipios de 31 departamentos desde agosto de 2018 a la fecha. Al mismo tiempo, la instituci√≥n ha ejecutado 768 obras por $4.58 billones en 420 municipios durante el mismo periodo, acompa√±ada del Gobierno Nacional.
Los coletazos de Odebrecht
Al hablar de proyectos de infraestructura, no se puede desconocer el impacto que tuvo el esc√°ndalo de Odebrecht en el sector, pues se mantiene presente tras casi siete a√±os de que se revelara su alcance en toda la regi√≥n. A pesar de ello, el presidente de Asobancaria resalt√≥ que se han logrado nuevos e importantes cierres financieros.
De hecho, esto se ve reflejado en el avance y consolidaci√≥n del programa de Concesiones del Bicentenario (5G), a trav√©s del cual se public√≥ el proyecto de pliegos de las condiciones para la licitaci√≥n p√∫blica de la APP del r√≠o Magdalena, que busca recuperar la navegabilidad por el principal afluente de Colombia a lo largo de 668km.
Convierta a Forbes Colombia en su fuente de informaci√≥n de negocios.
‚ÄúDurante este periodo de reactivaci√≥n, el rol de intermediaci√≥n del sector financiero ser√° fundamental para coadyuvar la pol√≠tica del Gobierno Nacional, en cabeza del Ministerio de Transporte, cuyo prop√≥sito es avanzar en la estructuraci√≥n de una decena de proyectos que prev√©n dinamizar la inversi√≥n en infraestructura mediante la adjudicaci√≥n de $32,6 billones en proyectos de diversa √≠ndole‚Äù, resalt√≥ el presidente de Asobancaria.
Poco a poco, el sector financiero ha recuperado la confianza en estos proyectos de inversi√≥n, y ante los avances que se han visto reflejados en su ejecuci√≥n, la √∫nica manera de seguir avanzando es otorgando m√∫sculo financiero a estas iniciativas viales. De momento, las cosas en el pa√≠s van por buen camino.























Art√≠culos Relacionados:Infraestructuraproyectos de infraestructura











",
"



















Con una geograf√≠a desafiante de por medio, volver a Colombia m√°s competitivo a trav√©s de la infraestructura ha sido un dolor de cabeza para varios gobiernos. Pese a eso, y una pandemia en la mitad, los avances muestran que el pa√≠s por fin tendr√° una nueva cara en los pr√≥ximos a√±os que lo dejar√°n mejor parado para impulsar la recuperaci√≥n y el crecimiento econ√≥mico.
Los casos emblem√°ticos de corrupci√≥n cambiaron las reglas del juego en la manera en la que se contratan obras en Colombia. A√∫n as√≠, en los √∫ltimos a√±os el pa√≠s pudo destrabar varias de las iniciativas que no hab√≠an podido continuar por mal manejo de los recursos, la dificultad para conseguir financiaci√≥n, lograr la luz verde de comunidades o la protecci√≥n del medio ambiente.
Lea tambi√©n: C√≥mo Brian Chesky construy√≥ la plataforma de hospedaje m√°s grande del mundo
En medio de esas dificultades, el pa√≠s puso en funcionamiento iniciativas como el Cruce de la Cordillera Central, o el T√∫nel de la L√≠nea como se le conoce com√∫nmente. Tambi√©n pudo entregar buena parte de las v√≠as de cuarta generaci√≥n (4G) y rehabilitar varios kil√≥metros de v√≠as por todo el territorio.
De acuerdo con el Ministerio de Transporte, solo en las v√≠as 4G se han destinado en capex $49,74 billones, de los cuales $32,7 billones ya se le han inyectado a la econom√≠a colombiana, con corte al 28 de febrero de 2022. 
‚ÄúDesde el Ministerio de Transporte hemos trabajado incansablemente por avanzar en la construcci√≥n y entrega de los proyectos 4G, que al inicio del Gobierno del presidente Iv√°n Duque presentaban un avance del 16,09%. Ahora, con corte al 28 de febrero de 2022, esta cifra llega al 63,88%, 47,8 puntos porcentuales respecto a agosto de 2018, por lo que el balance es bastante satisfactorio‚Äù, le explic√≥ a Forbes la cartera de transporte.
Aunque las v√≠as 4G tuvieron varios tropiezos desde que se empezaron a adjudicar los primeros proyectos, de las 29 iniciativas que tiene en total, este Gobierno espera entregar 19 proyectos en 2022 y hasta la fecha ese programa ha creado 42.000 puestos de trabajo. Por ahora se han logrado reactivar y entregar seis 4G: Girardot-Honda-Puerto Salgar; Puerta de Hierro ‚Äì Palmar de Varela y Carreto ‚Äì Cruz del Viso; Pac√≠fico 2; Cartagena ‚Äì Barranquilla y Circunvalar de la Prosperidad; V√≠as del NUS y la Transversal del Sisga.
Adem√°s de esas iniciativas, la expectativa del Ministerio de Transporte es que este a√±o queden listas las v√≠as Pasto ‚Äì Rumichaca; Neiva-Girardot; Villavicencio-Yopal; Autopista al Mar 1; Chirajara-Fundadores; Autopista al Mar 2; Antioquia-Bol√≠var; Autopista Conexi√≥n Norte; Pamplona-C√∫cuta; Cambao-Manizales; Pac√≠fico 1; Pac√≠fico 3, y Bucaramanga-Barrancabermeja-Yond√≥.
Con eso, la promesa de las v√≠as 4G es conectar los principales centros de producci√≥n y de comercio exterior con zonas clave para la econom√≠a del pa√≠s. Para Juan Mart√≠n Caicedo, presidente de la C√°mara Colombiana de Infraestructura (CCI), ‚Äúen t√©rminos macroecon√≥micos, el aporte del programa 4G a la productividad y competitividad del pa√≠s ha sido notorio‚Äù.
Lea tambi√©n: Millonarios Forbes 2022 | Los Gilinski: la historia de c√≥mo hicieron su fortuna
Seg√∫n resalta el directivo, mientras en 2011 Colombia se ubicaba en la posici√≥n 68 (de 139 pa√≠ses) del √çndice Global de Competitividad, en 2019 estaba en el lugar 63 (de 141). Puntualmente, en el pilar de infraestructura, el pa√≠s pas√≥ de la posici√≥n 79 a 64, respectivamente, y en el criterio de calidad vial el tr√°nsito del reporte fue de la posici√≥n 108 a la 104.
M√°s competitividad 
Colombia tiene una posici√≥n geogr√°fica privilegiada porque puede ser una conexi√≥n entre Am√©rica del Sur, Centro y Norteam√©rica. Pero los √≠ndices de competitividad como el que cita Caicedo muestran que falta mucho camino por recorrer para aprovechar esa ventaja. Y mejorar la infraestructura multimodal es, sin duda, un paso para llegar a eso.
Para dimensionarlo mejor, c√°lculos del Departamento Nacional de Planeaci√≥n (DNP) se√±alan que el costo para exportar un contenedor con las v√≠as actuales es de US$2.451. Con la terminaci√≥n de las 4G, eso podr√≠a bajar a US$2.076 y si se utilizan las v√≠as f√©rreas y fluviales, eso podr√≠a llegar a US$1.809 y US$1.209, respectivamente.
La ola 5G
Por eso es que el pa√≠s ya se est√° preparando para otro programa de v√≠as de quinta generaci√≥n (5G) que se compone de 14 proyectos, de los cuales siete son de carreteras, cuatro de aeropuertos, dos fluviales y uno f√©rreo. La inversi√≥n en capex ser√≠a de 21,8 billones y podr√≠a generar hasta 600.000 empleos entre directos, indirectos e inducidos.
El Gobierno ya logr√≥ la adjudicaci√≥n de los tres primeros proyectos de este tipo (los tres en modo carretero) y, seg√∫n dice el Ministerio de Transporte est√°n avanzando en los procesos para licitar las otras iniciativas.
‚ÄúEl primero de los proyectos ya adjudicados es el contrato de concesi√≥n Nueva Malla Vial del Valle del Cauca: Accesos Cali-Palmira, la primera Concesi√≥n del Bicentenario (5G), una licitaci√≥n en la que la ANI recibi√≥ ocho ofertas para participar en el proceso de selecci√≥n y que se adjudic√≥ en mayo de 2021. Otra obra es el proyecto ALO Sur, una iniciativa que busca intervenir 24,5 km de v√≠a entre Chusac√° (Soacha) y la Calle 13, en Fontib√≥n, que se adjudic√≥ el pasado 13 de diciembre de 2021. Por √∫ltimo, el pasado 10 de marzo, adjudicamos Accesos Norte 2, una obra de 17,96 km que tendr√° inversiones en capex por $1,3 billones para mejorar la movilidad entre Bogot√° y Ch√≠a, Sop√≥, Tocancip√°, Zipaquir√° y Cajic√°‚Äù, le detall√≥ a Forbes el viceministerio de infraestructura del Ministerio de Transporte.
Eso s√≠, Caicedo advierte que para que estos proyectos sean una realidad ser√° importante sincronizar las etapas de construcci√≥n de las v√≠as 4G con las 5G. ‚ÄúLo anterior teniendo en cuenta que actualmente se han adjudicado tres de los 14 proyectos de la primera ola (Malla Vial del Valle, ALO Sur y Acceso Norte II) y otros cinco tienen fecha, mientras que seis proyectos est√°n ultimando detalles de estructuraci√≥n. Hay que se√±alar que posterior a la adjudicaci√≥n, contin√∫a la etapa de preconstrucci√≥n‚Äù, dice.
Lea tambi√©n: ‚ÄúEsto ser√° m√°s grande que Bitcoin‚Äù: la predicci√≥n de Kevin O‚ÄôLeary, el gur√∫ tecnol√≥gico
El reto de las regiones 
Una mejor conectividad entre regiones en Colombia ser√° clave para mejorar la competitividad y productividad del pa√≠s, pero tambi√©n ser√° determinante la mejora de la infraestructura dentro de las ciudades para evitar embudos. Por eso las apuestas de ciudades principales y en las regiones para mejorar la movilidad tambi√©n son parte de ese megaplan de competitividad.
Uno de esos proyectos es el Metro de Bogot√°. Solo la Primera L√≠nea del Metro tiene un valor contractual estimado de $13 billones y se espera que en 2023 quede listo el Patio Taller desde donde producir√° el concreto con el que se construir√° esa obra.
Adem√°s de esas mejoras que se vienen en ciudades como Bogot√°, el Ministerio tambi√©n destac√≥ que por medio del Inv√≠as se ha logrado rehabilitar, con corte del 18 de febrero de 2022, 3.724 kil√≥metros de v√≠as primarias. En lo que resta de Gobierno, rehabilitar√°n 588 km m√°s, finalizando con 4.312 km durante todo el cuatrienio.
La viceministra de Infraestructura, Olga Luc√≠a Ram√≠rez, destac√≥ que ‚Äúeste Gobierno no solo reactiv√≥ el programa de autopistas 4G, sino que tambi√©n dejar√° cerca de 750 kil√≥metros de segundas calzadas, dobles calzadas y terceros carriles el 7 de agosto de 2022. Asimismo estructur√≥ las Concesiones del Bicentenario, la Quinta Generaci√≥n de Concesiones y la primera en tener proyectos en modos diferentes al carretero, con iniciativas a√©reas, fluviales y f√©rreas. Adem√°s, estamos ejecutando cerca de 11,4 billones de pesos en 50 proyectos de obra p√∫blica a trav√©s del Inv√≠as‚Äù.
Los expertos y el Gobierno coinciden en que aunque ha habido dificultades para llevar a cabo algunas obras, han quedado las lecciones que han impulsado cambios en la manera que se estructuran, adjudican y ejecutan las obras que, seguramente, le cambiar√°n de manera radical la cara al pa√≠s.
Convierta a Forbes Colombia en su fuente de informaci√≥n de econom√≠a.























Art√≠culos Relacionados:Infraestructuraproyectos de infraestructura











",
"



















Warren Buffett¬†posee una fortuna de 118.000 millones¬†de d√≥lares (109.431,3 millones de euros), situ√°ndose como la¬†quinta persona m√°s rica del mundo, por lo que¬†cabr√≠a imaginar que su casa ha sido una mansi√≥n inalcanzable¬†para el 99% de los mortales. Nada m√°s lejos de la realidad.
El multimillonario, que ha vivido siempre en Ohama (Nebraska, EE UU), su ciudad natal, y su difunta mujer Susan Buffett,¬†alquilaron en 1956 la modesta casa¬†construida en 1918 por el arquitecto Frederick A. Henninger¬†por 175 d√≥lares¬†(162 euros).¬†En ella ide√≥ su exitosa estrategia de inversi√≥n con tan solo 20 a√±os.
Buffett comenz√≥ su andadura empresarial en el peque√±o sol√°rium de su vivienda con la fundaci√≥n de¬†Buffett Associates Ltd.¬†junto a otros siete socios, entre ellos familiares y amigos. Una compa√±√≠a que oper√≥ con √©xito durante trece a√±os y le permiti√≥ hacerse un hueco en Wall Street, seg√∫n publica¬†Expansi√≥n.
Lea tambi√©n: Las acciones de energ√≠a est√°n volando: estas son las favoritas de Warren Buffett
La aportaci√≥n de los socios en conjunto fue de 100.000 d√≥lares (92.591 euros), una cifra que se increment√≥ cerca de un 30% anual, mientras el mercado aumentaba solo entre el 7% y el 11%, lo que le vali√≥ a Buffett el apodo del ‚ÄòOr√°culo de Omaha‚Äô.
Muchos de los activos de la sociedad se fusionaron en¬†Berkshire Hathaway, la sociedad de cartera de Buffet que obtuvo su nombre de la empresa textil en declive que Buffett compr√≥ en 1965.
Un hombre de ra√≠ces
El empresario solo vivi√≥ dos a√±os en esta casa que¬†este 26 de abril¬†‚Äìcuatro d√≠as antes de la reuni√≥n anual de los accionistas de Berkshire Hathaway que se celebra en dicha ciudad‚Äì¬†sale a la venta por 799.000 d√≥lares¬†(unos 740.429 euros), seg√∫n publica¬†Expansi√≥n.
Convierta a Forbes Colombia en su fuente de informaci√≥n de negocios.
En 1958, el matrimonio compr√≥ por 31.400 d√≥lares¬†(29.100 euros)¬†otra casa en la misma localidad, un hogar en el que a sus 91 a√±os contin√∫a viviendo. ¬´No la cambiar√≠a por nada¬ª, dijo a la cadena¬†CNBC, a principios de este a√±o.
¬øQui√©n reside en la vivienda?
Los propietarios actuales son¬†James y Nancy Monen, ambos accionistas de Berkshire Hathaway, que¬†adquirieron la casa en 2005 por 397.000 d√≥lares¬†(367.341 euros), seg√∫n los registros de la Oficina del Asesor del Condado de Douglas, consultados por el diario¬†Omaha¬†y recogidos por¬†Expansi√≥n.
El matrimonio recibi√≥ la visita de Buffett y dos de sus hijos, Susie y Howard, en 2019. Tras confirmar el lugar en el que idearon Buffett Associates Ltd.,¬†el magnate de los negocios firm√≥ en el arco de la puerta de acceso a la habitaci√≥n¬†con la inscripci√≥n: ¬´El lugar de nacimiento de Buffett Associates, mayo de 1956¬ª. La marca contin√∫a intacta.
Publicado en Forbes Espa√±a | Autor: Manuel Xirau























Art√≠culos Relacionados:Warren Buffet











",
"



















A Andrea Carolina G√≥mez y Jhon Isaza se les ilumin√≥ el bombillo hace ya casi siete a√±os cuando decidieron lanzarse al ruedo y emprender. Ante la necesidad que exist√≠a en ese momento en Colombia, optaron por crear su propia barber√≠a con el objetivo de retomar los conceptos cl√°sicos de la industria y llevar el negocio a otro nivel.
Oriundos de Pereira, G√≥mez e Isaza decidieron montar F√≠garo en 2016 tras una inversi√≥n de US$40.000 o alrededor de 150 millones de pesos. Cuentan que todo naci√≥ con la intenci√≥n de industrializar el oficio, que hasta ese momento era muy artesanal con decenas de establecimientos en cada esquina de los barrios. 
‚ÄúLa idea era retomar los conceptos de barber√≠a cl√°sica que hab√≠an sido desplazados por los salones de belleza unisex‚Äù, dice a Forbes G√≥mez, cofundadora y CEO de la empresa. ‚ÄúNunca necesitamos una inyecci√≥n de capital adicional, ni de inversionistas, pues todas sus ganancias tanto operativas como venta de franquicias fueron destinadas a la expansi√≥n estructuraci√≥n y fortalecimiento‚Äù. 
Lo que empez√≥ como un peque√±o negocio en Pereira, se expandi√≥ a√±o tras a√±o en todo Colombia e incluso aterriz√≥ en otros pa√≠ses. Hoy F√≠garo ya suma m√°s de 26 puntos de operaci√≥n y trabaja en ocho proyectos nuevos de apertura, dentro de los cuales est√° Figaro Academy, una escuela premium de barber√≠a que apuesta por profesionalizar el negocio en el pa√≠s. 
Lea tambi√©n: Este colombiano tambi√©n quiere poner a los latinos a ahorrar en d√≥lares
‚ÄúNuestra expansi√≥n r√°pida y ascendente fue gracias a que fuimos la primera organizaci√≥n‚Äù, admite G√≥mez. F√≠garo se ha convertido en la √∫nica empresa colombiana, en la categor√≠a multinacional, en la industria de cuidado personal. 

En 2019 lograron abrir dos barber√≠as en Estados Unidos, y a partir de ese momento empezaron su proceso de internacionalizaci√≥n. Cuentan que la ‚Äòstartup colombiana‚Äô, como le llaman, se ha convertido en la primera marca local en expandirse en Estados Unidos, con 12 puntos en operaci√≥n bajo cuatro marcas registradas en el territorio americano. Hoy se generan m√°s de 80 empleos, entre ellos 18 colombianos residentes en el sur de Florida.
‚ÄúEn territorio americano en el Estado de la Florida, la compa√±√≠a ha sido todo un √©xito gracias a sus est√°ndares de calidad operativos y a que el negocio es un modelo estructurado que permite a los inversionistas adquirir visas de inversionistas E2‚Äù, dice G√≥mez. 
Al cierre del 2021, F√≠garo gener√≥ una inversi√≥n por m√°s de US$2 millones, con ingresos que superaban los US$3.5 millones entre ventas de franquicias e ingresos operativos, seg√∫n cuenta su cofundadora. Dentro de su prop√≥sito empresarial est√° proyectado abrir puertas a la comunidad latina -especialmente colombiana- para que logren tener una vida legal en Estados Unidos. 
Es importante resaltar que, al 2022, F√≠garo cuenta en Miami con dos franquiciados colombianos, siete franquiciados argentinos, un franquiciado mexicano y un franquiciado espa√±ol. Hoy ha logrado consolidar sus operaciones en Colombia y Estados Unidos, alcanzando, seg√∫n dicen desde la empresa, una valoraci√≥n de mercado y un potencial de expansi√≥n entre US$5.5 millones y US$6 millones. 
Lea tambi√©n: El colombiano que vende m√°s de US$2 millones en tamales en Estados Unidos
Las expectativas para este a√±o apuntan a cerrar este a√±o con 22 sedes en operaci√≥n y ‚Äúuna inversi√≥n aproximada de US$3 millones de d√≥lares, calculando ingresos por 5 millones de d√≥lares‚Äù, admite G√≥mez. 
Para 2025, la empresa de estos dos colombianos estima invertir hasta US$12 millones para la expansi√≥n en Estados Unidos, generando en promedio 500 empleos en territorio americano. Esta cifras son las expectativas que hay de cara a los pr√≥ximos a√±os y al despliegue que se ir√° dando a trav√©s de franquicias. 

Seg√∫n el √∫ltimo sondeo de la C√°mara de Comercio de Bogot√°, se estima que en este momento hay 35.000 establecimientos (salas de belleza, peluquer√≠as y barber√≠as) en Colombia. Seg√∫n advierten, el auge de las barber√≠as mueve al a√±o m√°s de US$280 millones en el mercado colombiano.¬†























Art√≠culos Relacionados:Barber√≠aF√≠garo











",
"




















La pandemia de coronavirus cambiar√° el mundo de los negocios para todos: aunque ser√° una¬†√©poca complicada para los directivos y gerentes empresariales; el sector obrero¬†y el emprendedor tendr√°n una gran oportunidad de reinventarse, de acuerdo con Luis Carlos Chac√≥n, consultor de business case y columnista de Forbes.
La emergencia sanitaria trajo modificaciones como la disminuci√≥n de flujos en las cajas, el cierre de fronteras y recortes laborales; adem√°s que cambiaron los h√°bitos de consumo, los patrones en los negocios y algunas empresas tuvieron que detener sus actividades o digitalizar sus procesos, indic√≥.
Para estimar c√≥mo se podr√≠an modificar en largo plazo el papel de los principales actores econ√≥micos tras el covid-19,¬†se requiere visualizar una l√≠nea del tiempo desde que inici√≥ el confinamiento en M√©xico en marzo de 2020 hasta el mismo mes del a√±o siguiente, se√±al√≥ el experto en el Foro Forbes Conecta: Business Disruption
En este lapso de tiempo de 12 meses ya tendr√°n que pasar diversos sucesos, como¬†el fin del confinamiento social, la √©poca invernal, la implementaci√≥n de nuevos protocolos sanitarios en industrias, as√≠ como una reactivaci√≥n econ√≥mica.
Por lo tanto,¬†se utilizar√°n cuatro perfiles hipot√©ticos de distintos niveles en el mundo de los negocios:¬†desde el nivel gerencial hasta la microempresa, para mostrar la estimaci√≥n en el cambio de vida de estos sectores.
Gerentes y directivos
Juliana es la directora ejecutiva de una empresa de hidrocarburos, tiene 56 a√±os y vive Brasil, adem√°s tiene a sus dos hijos estudiando en universidades privadas en el extranjero, relat√≥ Luis Carlos Chac√≥n.
Al concluir la pandemia,¬†tuvo que mostrar a los altos directivos de la compa√±√≠a el reporte de los dos semestres de 2020 en n√∫meros rojos, lo cual no hab√≠a visto en dos d√©cadas de su trayectoria, debido a la disminuci√≥n en las l√≠neas de producci√≥n, as√≠ como problemas con las plantas y proveedores.
Consulta aqu√≠ todas las conferencias del Foro Forbes Conecta
Sin embargo,¬†tuvo crecimiento la unidad de negocios referente a energ√≠a sustentable, por lo que adquirieron compa√±√≠as relacionadas con el tema, en tanto, los comportamientos de consumo cambiar√°n por el distanciamiento social y se elevar√° la venta de veh√≠culos, por ende tambi√©n la de hidrocarburos.
‚ÄúSe prepara para equilibrar los precios de la categor√≠a en Latinoam√©rica, pero¬†las energ√≠as sustentables va a crecer para competir con las empresas de energ√≠a el√©ctrica‚Äù, subray√≥ Chac√≥n.
Por ello,¬†Juliana se vio obligada a acelerar el proceso de transformaci√≥n de su industria, con un enfoque a mejorar la reputaci√≥n de la misma.
Al final del a√±o,¬†la CEO hipot√©tica se dio cuenta que tuvo que trabajar m√°s de lo habitual desde su casa, con la mitad de su salario, sin bonos de navidad; adem√°s que tuvo que informar a sus hijos que no podr√° pagar su escuela en otro pa√≠s.
En el caso de¬†Paulina, quien es directora de ventas de una cadena de hoteles local en M√©xico, tiene 36 a√±os, est√° casada y cuenta con dos hijos, la historia es similar.
Durante 2020 su vida laboral de vio detenida casi por completo,¬†puesto que el sector en el que trabaja no tuvo movimiento, por lo tanto se mantuvo ocupada desde casa en la capacitaci√≥n de su personal y el mejoramiento de ciertos procesos.
La vida laboral y de madre de familia se combinaron,¬†tuvo una reducci√≥n salarial de casi el 40%,¬†no recibi√≥ las comisiones generales que le otorgaban en otros tiempos, aunque logr√≥ enfocar que su capacidad de organizadora de eventos en su papel como empleada y cuidadora principal del hogar.
Su evoluci√≥n laboral se tradujo en productividad,¬†pero no se ir√° de vacaciones a alg√∫n centro tur√≠stico,¬†es probable que pierda su empleo, y por ello est√° buscando soluciones nuevas, como elaborar experiencias virtuales y a distancia.
El emprendedor y sector obrero
Juan Andr√©s¬†tiene 43 a√±os, es divorciado y tiene un hijo; al igual¬†dirige una empresa de marketing en Colombia. Aunado a ello, el inicio de la pandemia el negocios se mostr√≥ ca√≥tico, puesto que las experiencias de shopper marketing en los centros comerciales se cancelaron en Bogot√°,¬†lo cual le baj√≥ hasta un 90% sus ventas en dicho periodo.
Sin embargo, el emprendedor es resiliente y¬†comenz√≥ a migrar su comercio al √°rea digital, cambi√≥ el modelo de negocios, hizo una alianza con una empresa local de tecnolog√≠a¬†y busc√≥ ofrecerle al cliente una experiencia segmentada y en l√≠nea.
Al final de la emergencia sanitaria,¬†la gran mayor√≠a de sus clientes han requerido de sus servicios, puesto que cambi√≥ la forma de consumo: ahora no s√≥lo vende por volumen, sino instaur√≥ procesos donde cobra por hora y actualizaci√≥n de los servicios.
Lee tambi√©n:¬†Henkel: crecer en Latam con M√©xico como punta de lanza
Sigui√≥ trabajando desde casa,¬†disfrut√≥ de la migraci√≥n digital, hace ejercicio, tiene pensado seguir sobre ese camino,¬†adem√°s que su compa√±√≠a realiza algunas labores altruistas con pacientes de coronavirus.
Tras el t√©rmino del contrato de arrendamiento del lugar donde trabaja,¬†su equipo contin√∫a laborando desde casa durante un a√±o, adem√°s contrat√≥ a un director creativo, el cual qued√≥ desempleado recientemente.
Por otra parte,¬†Pedro y Maria¬†son unos novios que viven en uni√≥n libre, tienen 28 y 22 a√±os cada uno,¬†esperan su primer beb√© y viven en la Alcald√≠a Iztapalapa en la Ciudad de M√©xico, una de las zonas marginales de la capital que m√°s n√∫meros de contagios de covid-19 tiene.
Pedro hered√≥ un negocio de su padre y Mar√≠a est√° estudiando reporter√≠a; su peque√±o comercio se vio obligado a digitalizarse de manera rudimentaria:¬†a trav√©s de mensajes de whatsapp los vecinos ped√≠an de sus servicios, m√°s adelante comenz√≥ a realizar pagos en l√≠nea hasta que cambi√≥ casi toda su estrategia de ventas.
El oficio de plomero que Pedro hered√≥ de su padre lo monetiz√≥ a trav√©s de diferentes plataformas, por lo que pudo surtir su negocios, adem√°s que consigui√≥ productos de primer necesidad a cambio de sus servicios.
Te puede interesar:¬†6 de cada 10 empresas prev√© recuperarse hasta 2022 o despu√©s
Maria comenz√≥ a vender su reposter√≠a a trav√©s de redes sociales¬†y los pedidos los realiza desde la cocina de su casa. Adem√°s tiene planes para irse de vacaciones con su pareja en diciembre para celebrar las fiestas en Cuernavaca y el Guadalupe-Reyes.
Es cierto que la pareja no tiene un plan para el 2021, pero tienen la esperanza de que las cosas sigan mejorando.
El cambio es innegable
La pandemia de coronavirus traer√° cambios significativos sobre todo para los sectores de comercio, hidrocarburos y de educaci√≥n; asimismo, las personas apelar√°n a su sentido de la humanidad para ayudar a la recuperaci√≥n despu√©s de la emergencia sanitaria, se√±al√≥ Luis Carlos Chac√≥n, consultor de business case.
El consumo en casa llegar√° para quedarse; los directivos tendr√°n que estar pendientes del rol de la mujer para que no se atrase en el sistema laboral; el distanciamiento social movilizar√° los negocios; se monetizan nuevos oficios; adem√°s que todos los comercios saltar√°n al mundo digital, advirti√≥.
El sector inmobiliario ser√° uno de los principales afectados tras este contexto;¬†el reclutamiento de los recursos humanos en las empresas ser√° enfocado a personas con conocimiento digital; habr√° nuevas normas de comercio y se tendr√° que apoyar a la base piramidal para cambiar la estrategia de negocios, enfatiz√≥.























Art√≠culos Relacionados:emprendimientoNegocios











",
"



















Durante un debate este lunes en la Comisi√≥n Tercera del Senado de la Rep√∫blica, el viceministro t√©cnico de Hacienda, Juan Pablo Z√°rate, inform√≥ que habr√° un ‚Äòrevolc√≥n‚Äô en las l√≠neas de cr√©dito con garant√≠as del Estado para que un mayor n√∫mero de firmas puedan acceder a dichos beneficios en medio de la crisis, de cara a la recuperaci√≥n. 
En l√≠nea con lo anterior, el viceministro dijo que entre el 85% y 90% de las l√≠neas de cr√©dito del Fondo Nacional de Garant√≠as (FNG) van a peque√±as y medianas empresas, a su vez, destac√≥ que las garant√≠as crediticias ‚Äúnunca son del 100%, por algo que se denomina el riesgo moral, de que la gente no seleccione los buenos proyectos si las garant√≠as son totales, por eso tenemos garant√≠as grandes pero nunca del 100%‚Äù.
Vea tambi√©n: #CharlasForbes: La ruta del Fondo Nacional de Garant√≠as para la reactivaci√≥n econ√≥mica
Z√°rate indic√≥ que hay tres ejes fundamentales en el cambio de las l√≠neas de cr√©dito del Fondo Nacional de Garant√≠as (FNG). Primero, mencion√≥ que ‚Äúhay m√°s flexibilidad, las l√≠neas estaban solo destinadas a capital de trabajo, ahora estamos permitiendo que de cara a la recuperaci√≥n econ√≥mica tambi√©n puedan ser usadas para inversi√≥n y haya una focalizaci√≥n m√°s grande en peque√±as y medianas empresas‚Äù. 
Segundo, explic√≥ que, las garant√≠as son ‚Äúun compromiso presupuestal muy importante del Estado y en ese contexto quer√≠amos capitalizar otros bienes p√∫blicos importantes, quer√≠amos incentivar la formalizaci√≥n‚Äù. Sobre este punto, resalt√≥ que entre los prerrequisitos para acceder a las l√≠neas con garant√≠as estatales estaba ser formal, sin embargo, dijo que se podr√° solicitar el cr√©dito y en el proceso del mismo se incentivar√° a que las firmas accedan a la formalidad a trav√©s del Pila o del R√©gimen Simple de Tributaci√≥n. 
Lea tambi√©n: El 10 % de las mipymes colombianas se declararon en quiebra por la pandemia: estudio
La tercera l√≠nea que destac√≥ Z√°rate tiene que ver con ampliar la garant√≠a estatal a trav√©s de operaciones mediante el mercado de capitales. Con ello se le dar√≠a ‚Äúrespaldo del Estado a trav√©s del Fondo Nacional de Garant√≠as a cosas que tienen que ver con las cadenas de pagos y suministros de las peque√±as empresas y su relaci√≥n con las empresas grandes, es la flexibilidad para poder tener el respaldo, descuento de facturas y otras √≥rdenes de pago a lo largo de la cadena de pagos de la econom√≠a‚Äù. 























Art√≠culos Relacionados:Cr√©ditos con garant√≠as estatalesFondo Nacional de Garant√≠asJuan Pablo Z√°rateMinhaciendaministerio de hacienda











",
"



















Naturalmente, la¬†guerra en Ucrania¬†y su impacto en los flujos de¬†petr√≥leo¬†ruso es el factor dominante en el mercado petrolero actual,¬†pero pocas guerras duran para siempre. Es posible que Putin declare la victoria y se vaya en un futuro pr√≥ximo, pero tambi√©n es posible que el conflicto vuelva al estado anterior a la invasi√≥n, es decir, una lucha continua pero de bajo nivel en el este de Ucrania. Aparte de estas inc√≥gnitas (o al menos, conocidas solo por Putin), hay una serie de hechos destacados que deben tenerse en cuenta pero que a menudo se pasan por alto.
Lo m√°s importante, y una lecci√≥n que nunca parece penetrar en la mente del p√∫blico:¬†las guerras y las crisis tienden a ser transitorias y temporales, y muchos, si no la mayor√≠a, de los factores pronto volver√°n al comportamiento anterior a la crisis.
¬†Las sanciones disminuir√°n
El petr√≥leo y el gas rusos no han sido sancionados por ninguna de las principales naciones consumidoras; el mayor impacto ha venido de las empresas que han dejado de comprar voluntariamente principalmente de petr√≥leo. Esto podr√≠a cambiar, con algunas previsiones que prev√©n una p√©rdida para el mercado de 3 millones de barriles diarios de los aproximadamente 11 millones de barriles diarios de producci√≥n total de Rusia.
Cierta combinaci√≥n de menor violencia y/o fatiga por la crisis ciertamente dar√° como resultado una tranquila reanudaci√≥n de las compras, lo que disminuir√° la presi√≥n sobre el mercado y reducir√° los precios, ya sea mediante la reducci√≥n de la prima de seguridad o eliminando la demanda de barriles r√°pidos. (Esto tambi√©n significa una disminuci√≥n en el retroceso, ya parcialmente logrado).
Lea tambi√©n: Barril de petr√≥leo cae por debajo de US$100 por liberaci√≥n de reservas y confinamiento en China
¬†
Las cadenas de suministro eventualmente se reequilibrar√°n
Es probable que aumenten las exportaciones de gas a Europa desde Rusia y reducir√°n los precios incre√≠blemente elevados all√≠, as√≠ como en otros lugares. Los cargamentos de GNL volver√°n a ir de EE.UU. a Asia y, con toda probabilidad, para el pr√≥ximo invierno,¬†los precios del gas natural a nivel mundial estar√°n por debajo de los niveles anteriores a la crisis. (El mercado de EE. UU. es un caso especial, que se discutir√° con m√°s detalle en una publicaci√≥n posterior). Algunos clientes europeos buscar√°n contratos a largo plazo para el gas de EE.UU., especialmente con contratos de costo incrementado para evitar otro aumento de precios.
El pr√≥ximo gran problema es el petr√≥leo en el agua.¬†Una gran cantidad de petr√≥leo ruso se ha desviado de Europa a Asia, lo que significa que hay decenas de millones de barriles adicionales en los petroleros en marcha, en comparaci√≥n con los niveles anteriores a la crisis. (Conjetura semi-educada: 25-50 millones.) Se informa que los tanques de almacenamiento en Rusia est√°n rebosantes, y eso podr√≠a agregar otros 10-20 millones de barriles al mercado, nuevamente con bastante rapidez. (Menos que una conjetura semi-educada.)
En teor√≠a, estos vol√∫menes aumentar√≠an los inventarios en tierra con bastante rapidez y podr√≠an significar un fuerte golpe hacia abajo en el atraso, potencialmente a contango. Sin embargo, dado que los inventarios de la OCDE, que representan aproximadamente la mitad del total mundial, se redujeron en 300 millones de barriles en comparaci√≥n con el promedio de cinco a√±os, esto no reequilibrar√° el mercado. Es probable que los precios se mantengan por encima de $80 hasta que los inventarios crezcan mucho m√°s.
Las liberaciones de petr√≥leo
Las liberaciones de petr√≥leo pol√≠ticamente estrat√©gicas probablemente terminar√≠an, pero no se garantiza que as√≠ sea. Pa√≠ses como EE.UU., Jap√≥n y otros est√°n preocupados por la alta¬†inflaci√≥n. Las elecciones de noviembre que se avecinan en los EE.UU. sin duda ser√°n un factor en cualquier decisi√≥n. Sin embargo, persiste la incertidumbre sobre cu√°ndo los pa√≠ses reanudar√°n el llenado de sus reservas estrat√©gicas, lo que podr√≠a respaldar o impulsar los precios.
La decisi√≥n de Biden de vaciar la URSS en 180 millones de barriles este a√±o solo significa que se demandar√° mucho m√°s petr√≥leo en el futuro para volver a llenarla. Hist√≥ricamente, muchos gobiernos han comprado petr√≥leo para sus reservas estrat√©gicas cuando los precios estaban m√°s elevados y eso podr√≠a volver a ser cierto.

¬†
A los estadounidenses les encanta quemar petr√≥leo en las carreteras
Habr√° un retroceso en varias √°reas una vez que quede claro que los precios del petr√≥leo y el gas no se mantendr√°n elevados. En particular, en 2008, cuando el precio del petr√≥leo lleg√≥ a US$ 145, hubo numerosas voces que insistieron en que esto representaba un cambio radical para la demanda.¬†
En ese momento, muchos cre√≠an que la demanda estadounidense de gasolina hab√≠a alcanzado su punto m√°ximo, mientras que los ambientalistas criticaban a los fabricantes de autom√≥viles por ser demasiado est√∫pidos para darse cuenta de que los automovilistas quer√≠an autos m√°s peque√±os y eficientes.¬†
Eso result√≥ lamentablemente incorrecto (a menos que usted sea un fabricante de camionetas/SUV, entonces result√≥ ser maravillosamente incorrecto). Claro, las ventas de veh√≠culos el√©ctricos est√°n recibiendo un impulso debido a los precios m√°s altos del combustible, e incluso pueden mantenerse altas al final de la crisis, aunque la¬†escasez de chips¬†y materiales para bater√≠as enturbia las perspectivas de los¬†veh√≠culos el√©ctricos. Sin duda, Estados Unidos a√∫n no ha alcanzado el pico de demanda de petr√≥leo.
Lea tambi√©n: El petr√≥leo cae por debajo de los 100 d√≥lares el barril
El resultado es que el final o la disminuci√≥n del conflicto en Ucrania significar√≠a m√°s petr√≥leo en el mercado y menores inventarios en el mar y en el almacenamiento ruso, lo que sin duda provocar√° una ca√≠da de los precios del petr√≥leo, especialmente si los comerciantes est√°n convencidos de que la perspectiva de las sanciones petroleras europeas ha retrocedido bruscamente.
Con poco o ning√∫n efecto en la demanda, los precios del petr√≥leo deber√≠an caer al menos US$ 10 desde los niveles actuales, y el WTI podr√≠a incluso alcanzar los US$ 80 a principios del verano norteamericano si parece que la demanda de petr√≥leo durante la temporada de conducci√≥n de EE.UU. ser√° d√©bil. Para la segunda mitad del a√±o, con una mayor producci√≥n de EE.UU., Canad√° y otros, incluidos los miembros de la OPEP+ de Medio Oriente, US$ 80 podr√≠a ser el nuevo techo, no el piso. Sin embargo, es poco probable que los inventarios globales se recuperen lo suficiente como para bajar los precios mucho m√°s abajo, al menos este a√±o.
*Con informaci√≥n de¬†Forbes US. | Autor: Michael Lynch























Art√≠culos Relacionados:petr√≥leoPetr√≥leo colombianoPetr√≥leo y gas











",
"



















Cuando la directora ejecutiva de ZhenFund, Anna Fang, era nueva en la¬†inversi√≥n de riesgo, su mentor le dijo que los empresarios adecuados para respaldar son aquellos que la hicieron sentir que el mundo podr√≠a ser diferente debido a la forma en que lo ve√≠an.¬†Ella tom√≥ este consejo en serio. Once a√±os despu√©s, ocupa el primer puesto de la lista debut de¬†Midas Seed¬†como la inversora de semillas m√°s exitosa del mundo.
El capital de riesgo nunca fue el plan para Fang, quien comenz√≥ su carrera como banquera de inversiones en JP Morgan despu√©s de obtener su MBA en la Escuela de Graduados en Negocios de Stanford en 2010. M√°s tarde se dedic√≥ al desarrollo de negocios en General Electric, pero pronto se le acerc√≥ compa√±ero de clase, Dan Hu, sobre una oportunidad diferente.
Foto: ZhenFund.
A Hu, quien ahora es el fundador y director ejecutivo de la empresa emergente de cr√©dito m√≥vil Omni Prime de Shangh√°i, le pidi√≥ que ayudara al prol√≠fico inversionista √°ngel chino Xiaoping (Bob) Xu, conocido por respaldar compa√±√≠as como la compa√±√≠a de cosm√©ticos en l√≠nea JuMei y edtech 17zuoye, a lanzar un nuevo fondo. Hu acababa de comenzar como vicepresidente de la firma global de capital de riesgo Sequoia y pens√≥ que Fang ser√≠a una buena opci√≥n para el puesto.
‚ÄúMe considero extremadamente afortunado de que alguien pensara en m√≠ para ayudar a Bob, para ayudar a ZhenFund‚Äù, le dice Fang a¬†Forbes. ‚ÄúTen√≠a 29 a√±os en ese momento. Tengo mucha suerte de que este trabajo, en el que acab√©, result√≥ ser algo que realmente amo y planeo hacer para siempre. Me di cuenta en el minuto uno de que esto es algo por lo que no pod√≠a creer que me estuvieran pagando por hacer‚Äù.
Xu originalmente estaba buscando a Fang para que asumiera un rol operativo, pero ella tambi√©n presion√≥ para ser parte del lado de la inversi√≥n. Vali√≥ la pena. Xu, cinco veces miembro de la¬†Lista de Midas, le mostr√≥ a Fang las cuerdas gui√°ndola a trav√©s de cada una de sus inversiones, la filosof√≠a detr√°s de ellas y las lecciones aprendidas.
Once a√±os despu√©s,¬†Fang ha respaldado a m√°s de 30 empresas emergentes en etapa inicial que se han convertido en unicornios y m√°s de 90 empresas emergentes que lograron una salida exitosa.¬†Ese historial la ha colocado en la Lista Midas cuatro a√±os seguidos, incluso como la mujer inversora mejor clasificada de este a√±o en el puesto 12. Ahora, es la inversora mejor clasificada en general en Midas Seed.

Una de las apuestas m√°s notables de Fang fue la plataforma de redes sociales Xiaohongshu (RED). Respald√≥ a la empresa en su ronda inicial de 2013 despu√©s de reconocer a uno de los cofundadores, Charlwin Mao Wenchao, como el tipo que siempre levantaba la mano y hac√≠a preguntas cuando visitaba el campus de Stanford. La compa√±√≠a ahora est√° valorada en US$ 20 mil millones. Otra fuerte inversi√≥n fue la empresa de movilidad inteligente Horizon Robotics. Fang lider√≥ la ronda de √°ngeles de la startup en 2016; ahora est√° valorado en US$ 4 mil millones.
‚ÄúMe siento joven todo el tiempo. Puedo pasar de un trato en rob√≥tica, a que el siguiente sea una nueva marca, a algo en el¬†metaverso‚Äù, dice ella. ‚ÄúPuedes cambiar entre diferentes cosas. Soy un poco generalista. Puedo aprender sobre todas estas cosas nuevas en el mundo donde t√∫ siempre eres la primera persona en enterarse‚Äù.
Anna Fang
Si bien encabezar la lista de semillas de Midas es un gran logro para Fang, tambi√©n representa un cambio de ritmo refrescante.¬†Si bien solo el 14% de los capitalistas de riesgo son mujeres, seg√∫n la organizaci√≥n de la industria All Raise, el √©xito de Fang demuestra que una mujer a√∫n puede reclamar el t√≠tulo de mejor inversora inicial del mundo.
Un cambio de paradigma
Mandela Schumacher-Hodge Dixon, directora ejecutiva de All Raise, le dice a¬†Forbes¬†que, si bien no le sorprende que una mujer haya tomado ese lugar, ese reconocimiento puede ser transformador para las mujeres m√°s j√≥venes en la industria y para aquellas que podr√≠an estar considerando el capital de riesgo como una carrera. ‚ÄúEsta es una se√±al tan poderosa para duplicar el hecho de que el poder est√° cambiando‚Äù, dice Dixon. ‚ÄúSe est√° volviendo m√°s accesible para los grupos hist√≥ricamente marginados. Creo que vamos a ver m√°s y m√°s de esto‚Äù.
Fang encabezando la lista de semillas env√≠a un mensaje m√°s fuerte que su lugar en la lista insignia de Midas, dice Dixon. ‚ÄúCuando pienso en semillas, pienso en el primer registro‚Äù, dice. ‚ÄúPienso en un primer creyente, alguien que tenga el coraje de so√±ar junto a estos fundadores que ven un mundo que a√∫n no existe. Tener a una mujer representada como una de las primeras creyentes, alguien valiente, es enorme‚Äù.
Fang no es la √∫nica mujer en la lista debut de Midas Seed. Kirsten Green, fundadora y socia gerente de Forerunner Ventures, y Ann Miura-Ko, socia cofundadora de Floodgate, obtuvieron lugares en la lista, adem√°s de la lista insignia de Midas. La Lista de semillas tambi√©n incluye a Jenny Lefcourt de Freestyle Capital, que no ha estado antes en la Lista de Midas, pero tiene una cartera de semillas impresionante que incluye BetterUp, Embark y Airtable.
A pesar de su historial, la propia Fang se sorprendi√≥ al descubrir que se hab√≠a ganado la distinci√≥n, pensando, dice, que el equipo de Midas debe haber pasado por alto a un inversor semilla m√°s importante, tal vez un patrocinador temprano en Uber o ByteDance. Tambi√©n estaba perpleja porque se considera todav√≠a en una etapa temprana de su carrera. Ha hecho muchas inversiones exitosas, pero todav√≠a est√° buscando su jonr√≥n, dice.
‚ÄúTodav√≠a estoy buscando mi ByteDance‚Äù, dice Fang, haciendo referencia a la empresa privada de US$140.000 millones detr√°s de TikTok. ‚ÄúTengo algunas grandes inversiones, pero todav√≠a nos falta nuestro ByteDance. Eso es lo que me mantiene hambrienta‚Äù.
























Art√≠culos Relacionados:Capital de riesgoFondos de capital de riesgoLista MidasVenture capital











",
"



















En la ciudad de Cali (Colombia) m√°s de 15 emprendedores se han unido a la causa de empezar a fabricar respiradores, equipos de terapia para la respiraci√≥n y m√°scaras, en medio de la r√°pida expansi√≥n del coronavirus, que en el Valle del Cauca ya alcanza los 15 casos. 
La iniciativa la est√°n liderando Reddi Colombia la agencia de desarrollo tecnol√≥gico de la regi√≥n sur-occidental del pa√≠s, la Andi Valle del Cauca y el Tecnoparque del Sena. En el equipo que coordina est√°n Juan Manuel Chaves, director de la Reddi Colombia y Lina Sinisterra, gerente de la Andi en el Valle del Cauca.

En Cali tambi√©n hay varios equipos de emprendedores e ingenieros trabajando en el tema pic.twitter.com/8QF4pihuLB‚Äî Esteban Piedrahita (@estebanpie) March 19, 2020

Aunque se trata apenas de una fase de prototipado y de planeaci√≥n, llama la atenci√≥n la reacci√≥n inmediata y ejemplar con la que est√° actuando este grupo de emprendedores. 
Para la causa tambi√©n se han ido sumando emprendedores de
Medell√≠n y otros lugares donde tambi√©n est√°n pensando en replicar la
experiencia para mejorar la capacidad de los centros de salud ante un posible
pico de la crisis. 
Este colectivo de emprendedores tendr√° este viernes las primeras piezas para poner a funcionar un prototipo, a la vez que identifican las necesidades del sector salud para definir el enfoque de los esfuerzos. Por ahora, el grupo de emprendedores, ingenieros y entidades alidadas, est√°n trabajando en respiradores, equipos de terapia y m√°scaras. 























Art√≠culos Relacionados:CaliCoronavirusCoronavirus Colombiaemprendedores











",
"



















La reactivaci√≥n econ√≥mica ha generado un impulso importante en los proyectos de vivienda en Colombia. Tanto as√≠, que el gobierno apoyar√° a la poblaci√≥n con subsidios que pueden llegar a $50 millones en 2022, seg√∫n revel√≥ el Ministerio de Vivienda. Unido a ello, cabe destacar nuevas fuentes de financiaci√≥n en este campo que ya incluyen las nuevas tecnolog√≠as.
Aqu√≠ cabe destacar actores que est√°n trabajando en temas de contratos inteligentes en temas de blockchain, seg√∫n coment√≥ el gerente del C√≠rculo de Inversionistas Innovadores (Cirii), Rafael Chavarro, en entrevista con Forbes Colombia. 
La asociaci√≥n, que tambi√©n destaca por ser socia cofundadora de Colombia Proptech, ha incursionado en nuevos modelos de inversi√≥n en vivienda, cuyo valor agregado en el mercado apunta a ir ‚Äúun paso m√°s all√°‚Äù registrando los proyectos desde blockchain, permitiendo que quede guardado en muchos sitios al mismo tiempo mediante muchos nodos, y que a su vez sea incorruptible.
‚ÄúComo est√° registrado en miles de sitios al mismo tiempo, no hay forma de inalterar o cambiar ese contrato. Es una custodia masiva a nivel de muchos servidores al mismo tiempo. Eso garantiza que el negocio que se est√° haciendo entre las partes est√© blindado‚Äù, afirm√≥.
En este escenario, se posibilit√≥ la creaci√≥n de un sistema de unidades de inversi√≥n inmobiliaria (UDIN), que consiste en la elaboraci√≥n de un proceso con locales comerciales que van a estar consolidados en un mercado gastron√≥mico. El proyecto, ubicado en un edificio de m√°s de 170 apartamentos.
‚ÄúDe all√≠ vamos a tomar algunos locales que van a estar a nombre de una empresa que los compra, pero lo que se va a vender realmente son las acciones de la empresa. Cada UDIN corresponde a una de las 60 participaciones de la compa√±√≠a, que es due√±a de los locales y quien los administra, pero tambi√©n quien recibe las rentas de las grandes marcas‚Äù, explic√≥ Chavarro.
¬øC√≥mo funciona?
Cirii comenz√≥ en 2016 haciendo toda la democratizaci√≥n de activos. Esto a trav√©s de buscar socios que a su vez sean compa√±eros de los constructores en proyectos inmobiliarios. Si bien arrancaron inicialmente con un ticket alto de inversi√≥n, el monto ha disminuido con el paso de los a√±os.
‚ÄúAl principio, para ser inversionista de nosotros era necesario tener $300 millones, luego lo hemos venido bajando a $200 millones, luego a $100 millones y hoy estamos ya en $54 millones. Es decir que, a trav√©s de las mismas vivencias, experiencias y dem√°s, hemos logrado democratizarlo, y la idea es seguir bajando para que m√°s personas tengan acceso a estos modelos de inversi√≥n‚Äù, sostuvo.
El ejecutivo tambi√©n asegur√≥ que lo que Cirii est√° comercializando es una promesa de compraventa de acciones con un contrato registrado no solamente en el libro de acciones de la C√°mara de Comercio, sino en muchos servidores en donde quedan registradas las acciones dentro de la empresa, y adicionalmente, las condiciones de las mismas. 
Esto quiere decir que aquel que decida participar puede tener un ingreso consolidado y que la marca detr√°s del proyecto va a pagar en promedio el 1% mensual. Asimismo, reconoci√≥ que todas esas caracter√≠sticas est√°n en un contrato registrado a su vez en blockchain, para garantizar la interacci√≥n entre las partes.
Igualmente, explic√≥ que se trata de inversiones donde participa un grupo de personas que no necesariamente se conocen entre s√≠, y que tal vez no tienen el capital completo para comprarse un local comercial, pero que pueden hacerlo unidos y recibir los beneficios de la inversi√≥n, blindados por la plataforma de blockchain.
Lo cierto es que, si bien es un negocio interesante, una persona que quiera entrar tendr√≠a que comprarme todo un local, que puede valer entre $600 millones y $900 millones,. Seg√∫n Chavarro, el modelo de Cirii permite dividirlo en 60 partes, con una empresa que se encarga de administrar el negocio y de recibir las rentas a trav√©s de una fiduciaria, que a su vez ejecuta todo lo que est√° en el contrato.
Un ejemplo de √©xito en este negocio es Espa√±a, que ya ha gestionado bienes por m√°s de ‚Ç¨50 millones en participaci√≥n democratizada, seg√∫n revel√≥ Chavarro. En Colombia, se espera que en los pr√≥ximos cinco a√±os haya un crecimiento importante, porque vienen muchas empresas haciendo lo mismo.
‚ÄúLa tokenizaci√≥n de activos es una realidad no solamente en Espa√±a, sino en el mundo. Hoy ya es posible dividir un inmueble a pesar de que el √∫nico registro que existe en Colombia es el de Notariado y Registro, pero existe la posibilidad a su vez de generar mecanismos que permitan democratizar la inversi√≥n y que muchas m√°s personas tengan acceso, ingresando y saliendo f√°cilmente porque existe una plataforma en la que puedo vender mi acci√≥n dentro de la empresa el d√≠a que quiera salir‚Äù, destac√≥.
Al hablar del valor agregado, Chavarro reconoce que, si bien una vivienda tokenizada y una vivienda que se compra normal son lo mismo en la pr√°ctica en Colombia, la diferencia est√° al final del proceso. 
‚ÄúEn la forma tradicional, hay un solo due√±o que tiene que administrar el inmueble si lo compr√≥, mientras que en la tokenizada no se habla de un solo due√±o, sino un grupo importante de propietarios que, a su vez, tienen una empresa que administra y ejecuta‚Äù, afirm√≥.
Siga a Forbes Colombia desde Google News























Art√≠culos Relacionados:BlockchainInversi√≥nVivienda











",
"



















Aunque mucho se ha hablado de la importancia y peso que pueden tener los recursos financieros para el emprendimiento, poco se habla de si las finanzas de empresas o tradicionales son iguales o no en este √°mbito.
Y ante la pregunta de si la financiaci√≥n es similar entre las empresas y los emprendimientos, lo que dicen los expertos que s√≠ hay una diferencia. 
Eso concluyeron en el panel desarrollado este lunes 18 en el Colegio de Estudios Superiores de Administraci√≥n (CESA), que trat√≥ el tema en la apertura de la semana del Emprendimiento e Innovaci√≥n que celebra esta instituci√≥n.
Puede ver el evento en este link
Los panelistas convergieron en que, dada su naturaleza y caracterizaci√≥n, las finanzas corporativas resultan poco √∫tiles para los emprendimientos. Solo cuando los negocios adquieren cierto grado de madurez, es cuando ese tipo de finanzas empiezan a ser importantes.
Para Roberto De la Vega, exbanquero de inversi√≥n, con estudios en emprendimiento y hoy director de posgrados del CESA, las finanzas tradicionales aparecen en un estadio mucho m√°s avanzado de los emprendimientos, quiz√°s m√°s empresas, para regular, velar por la rentabilidad y en descifrar c√≥mo maximizarla, zonas en las que no se mueven los negocios en etapa temprana.¬†
Lea tambi√©n: ¬øC√≥mo impulsar la digitalizaci√≥n de los emprendimientos femeninos?
Factores como el foco, la actitud emprendedora, la claridad sobre la existencia e impacto del problema son, entre otras, algunas otras variables de peso que al final del d√≠a resultan mucho m√°s determinantes en la ecuaci√≥n obtenci√≥n de capital.
Seg√∫n Enrique Ram√≠rez, cofundador de Bold, fintech que ha dise√±ado dat√°fonos de bajo costo para incidir favorablemente en la inclusi√≥n financiera, hay por lo menos tres diferencias entre las finanzas tradicionales y las finanzas para el emprendimiento.¬†
La primera es el foco. Los emprendimientos, sobre todo los de base tecnol√≥gica, tienen una necesidad de crecimiento exponencial desde el primer momento para lograr atraer la atenci√≥n de los venture capital (VC) o fondos de riesgo, en tanto que las corporaciones se enfocan es mucho m√°s en mejorar la rentabilidad, y donde presupuesto y control del gasto est√°n a la orden del d√≠a, y no tanto como en el emprendimiento.
Cuando un VC debe hallar este tipo de emprendimientos es porque siente que este (el emprendimiento) debe generar retornos may√∫sculos, de hasta 20 o 30 veces la inversi√≥n, para que en el promedio puedan darles el retorno a sus inversionistas. En otras palabras, ‚Äúson vol√∫menes grandes los que se vuelven palanca para que funcione todo el modelo: que los VC est√©n interesados, y que los emprendimientos tengan las capacidades para obtener esas oportunidades‚Äù, enfatiza Ram√≠rez.
Le puede interesar: Las lecciones de la primera mujer en ser rectora del Cesa
¬øY la incertidumbre?
De otro lado, est√° el grado de incertidumbre en las finanzas para el emprendimiento.¬†
A qu√© tama√±o va a llegar el emprendimiento, c√≥mo va a poder monetizar su base de clientes, c√≥mo se van a volver rentables, qu√© requisitos podr√°n salir en el camino, son algunos de los interrogantes que aparecen tras el equipamiento financiero, pero que no son habituales en el mundo corporativo. Y es que en este, dado el historial y la trayectoria, hay una licencia de proyecciones para decisiones m√°s seguras de inversi√≥n.
Y en tercer lugar, es la financiaci√≥n tras el riesgo mismo. Mientras que en el mundo del emprendimiento fundadores le est√°n apostando a una idea para hacerla crecer, hacerla exitosa y ver c√≥mo la perfeccionan, la preocupaci√≥n del corporativo es c√≥mo mantener su rentabilidad, como diversifica el riesgo y c√≥mo genera m√∫ltiples fuentes de ingresos.
Para Roberto De la Vega, en el contexto del emprendimiento de alto impacto, los fondos de capital privado no son un recurso limitado. Lo sustancial, dice, est√° en el hecho que los emprendimientos se enfoquen en soluciones correctas, pues a partir de all√≠ los recursos llegan por a√±adidura.
En este sentido, son tres dimensiones sobre las que los VC centran su intenci√≥n para respaldar con capital a los emprendimientos: la importancia del problema (sobre el que el emprendimiento est√° centrando sus esfuerzos), el tama√±o del problema, y si el emprendimiento tiene la factibilidad (ll√°mese tecnolog√≠a o el talento humano) para hacer la soluci√≥n viable.
Por su parte Adriana Su√°rez, Managing partner de Matterscale Venture, fondo que invierte en startups y emprendedores din√°micos, en la apuesta de los fondos de riesgo por los emprendimientos, un 80% de la carga decisoria est√° asociada a la capacidad emprendedora, al conocimiento o entendimiento de la industria y a la capacidad de ejecuci√≥n del equipo emprendedor.
Convierta a Forbes Colombia en su fuente de informaci√≥n habitual























Art√≠culos Relacionados:emprendimientoempresas











",
"



















Para entender lo que hace que el intento dram√°tico y altamente visible de¬†Elon Musk de tomar el control de Twitter¬†sea tan poco convencional, es √∫til ver lo que sucedi√≥ la √∫ltima vez que¬†Twitter¬†encontr√≥ a otro inversionista inesperado en la compa√±√≠a.
Eso no fue hace mucho tiempo, y la situaci√≥n se desarroll√≥ de manera convencional. En marzo de 2020,¬†Elliott Management anunci√≥ que hab√≠a comprado alrededor del 4 % de las acciones de Twitter.¬†Elliott es una firma de inversi√≥n activista. Adquiere participaciones en empresas p√∫blicas, luego aboga por el cambio, con la esperanza de que aumente el valor de la inversi√≥n.¬†
La inversi√≥n de Elliott tuvo un impacto inicial en los medios, lo que provoc√≥ una serie de reuniones a puertas cerradas celebradas r√°pidamente entre Elliott y la gerencia de Twitter. Sigui√≥ un acuerdo de paz.¬†Twitter le entreg√≥ a Elliott un asiento en la junta y acord√≥ elevar los objetivos para el crecimiento de usuarios e ingresos.¬†Para el verano siguiente, las cosas fueron lo suficientemente buenas entre Twitter y Elliott para que los dos consideraran combinarse para una oferta en TikTok. Al final, por supuesto, nadie pudo comprar TikTok, con las acciones de Twitter subiendo un 175% desde la inversi√≥n inicial de Elliott.
Cuando Musk lleg√≥ el mes pasado, Twitter intent√≥ el mismo enfoque.¬†El CEO¬†Parag Agrawal¬†habl√≥ repetidamente con¬†Musk¬†y le ofreci√≥ un puesto en la junta. Pero, a diferencia de Elliott, Musk lo rechaz√≥, y lo hizo visiblemente en Twitter despu√©s de un fin de semana de tuits criticando el modelo de negocios de la compa√±√≠a. Dos tuits solicitaron directamente la opini√≥n de sus 81 millones de seguidores. D√≠as despu√©s, anunci√≥ que no solo quer√≠a ser due√±o de una¬†parte¬†de Twitter, quer√≠a comprarlo todo. Aumentando a√∫n m√°s el espect√°culo p√∫blico,¬†public√≥ los mensajes de texto que le hab√≠a enviado al presidente Bret Taylor. Twitter respondi√≥ adoptando una¬†p√≠ldora venenosa, una defensa com√∫n contra una adquisici√≥n hostil inventada durante la d√©cada de 1980 de Michael Milken-Ivan Boesky (antes de que los asaltantes corporativos se convirtieran en inversionistas activistas).

Thanks for the support! https://t.co/nY4nyRfqcl‚Äî Elon Musk (@elonmusk) April 15, 2022

Musk continu√≥. En menos de una semana,¬†us√≥ un escenario de TED Talks para etiquetar a los reguladores de la Comisi√≥n de Bolsa y Valores (SEC, por su sigla en ingl√©s) que tendr√≠an que aprobar su adquisici√≥n como ‚Äúbastardos‚Äù, atac√≥ a la junta de Twitter en Twitter, recircul√≥ un meme pro-Musk publicado originalmente por el capitalista de riesgo Marc Andreessen e hizo referencia cr√≠ptica a la canci√≥n de Elvis Presley ‚ÄúLove Me Tender‚Äù. (Una oferta por una empresa es, formalmente, una ‚Äúoferta p√∫blica‚Äù).
‚ÄúUn activista inteligente puede aprovechar el poder de las redes sociales y otras formas de distribuci√≥n para conectarse m√°s all√° de los m√©todos tradicionales‚Äù, dice¬†Connor Haley, fundador de la firma activista Alta Fox Capital. No se ha vuelto Musk completo en su √∫ltima campa√±a contra Hasbro. Pero ha reconocido c√≥mo Internet y las redes sociales le brindan una capacidad √≠ntima para llegar a los accionistas y clientes de la empresa, lo que refuerza sus propuestas para el negocio, que incluyen escindir su unidad de tarjetas comerciales. ‚ÄúCreo que cada vez m√°s activistas tomar√°n este camino si realmente quieren impulsar la creaci√≥n de valor a largo plazo‚Äú.
Musk, que adquiri√≥ una participaci√≥n del 9,2% en Twitter a principios de 2022,¬†propone pagar 43.000 millones de d√≥lares¬†por la empresa, una prima del 38 % con respecto al nivel del precio de las acciones cuando anunci√≥ sus intenciones el jueves pasado. La medida de la p√≠ldora venenosa es un fuerte indicio de que a la junta directiva de Twitter no le gusta su oferta, aunque a√∫n tiene que rechazarla formalmente.¬†
Musk ha contratado a Morgan Stanley para que lo asesore; Twitter ha respondido contratando tanto a Goldman Sachs como a JP Morgan para asesorarlo. Mientras tanto, Agrawal ha instado al personal a permanecer resistente, pero les advirti√≥ que se preparen para un per√≠odo de distracciones. La compa√±√≠a recibe una protecci√≥n sustancial por la p√≠ldora venenosa, que permitir√° a Twitter vender acciones con descuento, reduciendo la propiedad de Musk. A menudo, los activistas se ir√°n despu√©s de que una empresa busque una p√≠ldora venenosa.
No obstante,¬†el intento de adquisici√≥n de Musk es, verdaderamente,¬†diferente a cualquier otro en los 40 a√±os m√°s o menos que estas cosas han estado sucediendo.¬†Superficialmente, est√° el asunto de su riqueza. Si bien el juego de compra ha atra√≠do durante mucho tiempo a participantes adinerados, ninguno realmente se compara con Musk (patrimonio neto: US$ 264.600 millones). Menos superficialmente, est√° la cuesti√≥n de c√≥mo ha librado su guerra:¬†armando el mismo producto que espera adquirir, convirtiendo a Twitter en el escenario principal de su ofensiva contra la empresa.¬†Es como si Henry Kravis hubiera presionado su oferta por RJR Nabisco al pararse frente a sus puertas y arrojar galletas rancias para perros Milk-Bone a las ventanas de la sala de juntas.
‚ÄúEsto es totalmente extra√±o e inusual. Seguro que √∫ltimamente ha tenido otras adquisiciones, como Jos. A. Bank tratando de fusionarse con Men‚Äôs Warehouse‚Äù, dice Carliss Chatman, profesor de derecho corporativo en Washington and Lee. (Tiene una popular cuenta de Twitter, donde ha hecho una cr√≥nica del intento de adquisici√≥n de Musk y otros dramas de C-suite). ‚ÄúPero este es un megal√≥mano rico que intenta comprar algo y lo trata como si estuviera jugando con un juguete‚Äù.
Al digitalizar la redada corporativa, Musk se basa en el trabajo de otros. A mediados de la d√©cada de 2000, el inversionista¬†Eric Jackson utiliz√≥ efectivamente videos informales de YouTube para promover su caso contra Yahoo a mediados de la d√©cada de 2000, una de las muchas cosas que le salieron mal a Yahoo en ese momento.
En 2017, el multimillonario Bill Ackman compr√≥ anuncios en Facebook y Twitter para dar a conocer su postura contra ADP. Casi al mismo tiempo, Elliott envi√≥ por correo miles de tarjetas de felicitaci√≥n que conten√≠an una pantalla de video y un video precargado que detallaba sus dudas con Arconic, un fabricante de piezas aeroespaciales. Otro plan a seguir por Musk se produjo el a√±o pasado, cuando el fundador de Chewy.com, Ryan Cohen, reuni√≥ a miles de inversores minoristas basados en Twitter y Reddit para revocar la gesti√≥n de GameStop y elevar el precio de las acciones.
Los activistas han creado rutinariamente sitios web que detallan su idea de inversi√≥n durante la mayor parte de las dos d√©cadas, aunque tienden a no ser m√°s innovadores que el sitio creado por su congresista local. E incluso entonces, todav√≠a conf√≠an en los comunicados de prensa y los medios tradicionales para difundir sus mensajes.¬†
Caso en cuesti√≥n:¬†Jesse Cohn de Elliott Management, quien dirige sus inversiones activistas y se sent√≥ en el asiento de Elliott en la junta de Twitter, ha tuiteado solo 34 veces en seis a√±os.¬†Solo tiene 7.424 seguidores y le gusta incluir enlaces a comunicados oficiales de relaciones p√∫blicas.
Desde el jueves,¬†Musk parece haber intensificado su campa√±a, dirigiendo gran parte de ella a los directores de Twitter.¬†(Los directorios y los inversionistas de compra como Musk nunca se llevan bien durante una adquisici√≥n hostil. Pero por lo general se critican entre s√≠ a trav√©s de un documento de la SEC o un comunicado de prensa. Hacerlo a trav√©s de las redes sociales le da a Musk la capacidad de generar apoyo de manera m√°s directa, potencialmente a un ritmo m√°s viral. de lo que podr√≠a generar un comunicado de prensa).
En un intercambio de tuits con el multimillonario de las criptomonedas Cameron Winklevoss,¬†Musk sugiri√≥ que los directores podr√≠an enfrentar una responsabilidad ‚Äútit√°nica‚Äù si rechazan su oferta,¬†lo que parece abogar por las demandas de los accionistas contra la junta. Destac√≥ la publicaci√≥n de otro usuario que captur√≥ la cuenta de Twitter en blanco del director Robert Zoellick. (Zoellick, el expresidente del Banco Mundial, se uni√≥ tanto a la junta como a Twitter en 2018 y nunca tuite√≥). Musk tambi√©n critic√≥ las peque√±as participaciones de los miembros de la junta en las acciones de Twitter, lo que implica que si tuvieran m√°s, ser√≠a mejor que entendieran por qu√©. deber√≠a aceptar su trato.
Los activistas suelen revelar desde el principio c√≥mo planean financiar adquisiciones no solicitadas, algo que consideran necesario para obtener el apoyo de los inversores de una empresa, que pueden mostrarse esc√©pticos ante sus avances. Este no ha sido el caso de Musk.¬†No ha detallado exactamente c√≥mo financiar√° su oferta y, aunque es incre√≠blemente rico, su fortuna no es l√≠quida y est√° ligada a las acciones de Tesla.¬†Es posible que necesite pedir prestado contra esas acciones para recaudar dinero o traer socios a la transacci√≥n, reduciendo sus costos. Seg√∫n los informes, las firmas de capital privado Apollo y Thoma Bravo est√°n interesadas en unirse a √©l.
Es demasiado pronto para saber si Musk ganar√° con esta estrategia. Pero definitivamente est√° atrayendo la atenci√≥n y el apoyo. Este √∫ltimo proviene de los rincones habituales de Twitter: ‚ÄúSi el juego es justo, Elon comprar√° Twitter‚Äù, tuite√≥ el excolega de Musk en PayPal, David Sacks, y otros menos habituales. Alexis Ohanian, el cofundador de Reddit, dijo en Twitter que se le pidi√≥ que investigara las p√≠ldoras venenosas por primera vez y decidi√≥ que ‚Äúrealmente no se ven bien‚Äù, una declaraci√≥n que puede verse como pro-Musk.
Musk parece estar ganando un m√≠nimo de apoyo dentro de la empresa. El cofundador y dos veces ex director ejecutivo de Twitter, Jack Dorsey, pareci√≥ indicar que estuvo de acuerdo con Musk este fin de semana. Dorsey fue derrocado por una iteraci√≥n anterior de la junta en un golpe de 2008 que puso fin a su primera carrera como director ejecutivo de Twitter; sigui√≥ siendo director. Regres√≥ en 2015 y renunci√≥ como director general en noviembre. Si bien sigue siendo miembro de la junta hasta el pr√≥ximo mes, Dorsey calific√≥ el s√°bado a la junta como ‚Äúconsistentemente la disfunci√≥n de la empresa‚Äù.
Elon Musk quiere comprar el 100% de las acciones de Twitter.
Los inversores de Twitter parecen pensar cada vez m√°s que algo puede suceder.¬†Despu√©s de los tuits de Dorsey y el fren√©tico fin de semana de Musk,¬†las acciones subieron un 7,5% el lunes a 48,45 d√≥lares.¬†Todav√≠a no est√°n completamente convencidos de la capacidad de Musk para lograrlo. Si lo fueran, las acciones se cotizar√≠an por al menos US$ 54.20, el precio sugerido por Musk.
El cuartel general de Twitter parec√≠a dolido por encontrarse con Musk en este nuevo campo de batalla, ir√≥nicamente, uno que ayud√≥ a crear. (Se neg√≥ a comentar para esta historia). Mientras Musk tuite√≥ el lunes sobre c√≥mo ten√≠a la intenci√≥n de reducir el salario de los miembros de la junta a $ 0 si toma el control, Twitter present√≥ una larga presentaci√≥n ante la SEC detallando su medida de p√≠ldora venenosa.
Musk ha ofrecido 54,20 d√≥lares por acci√≥n por la empresa, la parte ‚Äú420‚Äù de la cifra es una referencia a la cultura de la marihuana y una broma popular en l√≠nea. En la nueva presentaci√≥n sobre la p√≠ldora venenosa, Twitter dijo que los accionistas podr√≠an adquirir nuevas acciones por 210 d√≥lares, un valor equivalente al doble de esa cantidad: 420 d√≥lares. Tal vez una coincidencia. O tal vez Twitter se da cuenta de que Musk inevitablemente ha cambiado las reglas del juego y, para ganar, necesita descubrir c√≥mo jugar.
Siga la informaci√≥n de tecnolog√≠a en nuestra secci√≥n especializada
























Art√≠culos Relacionados:Elon MuskElon Musk TwitterTwitter











",
